username,mbti
zetnev,enfp
iraaali,enfp
AbbieReal,enfp
disey348,enfp
newromantiics,enfp
co_pony,enfp
AaronDiDonato,enfp
jolemamels,enfp
heronthesearch,enfp
SamFuturist,enfp
ys_Terry,enfp
ImCAntonio,enfp
1Jedi_Rey,enfp
bobaycock,enfp
MaryLUE,enfp
MindPassionate,enfp
chasingfaes,enfp
colourbanditz,enfp
raz876g,enfp
mikayladreyer,enfp
oolalai,enfp
RexxieCat,enfp
BrookesLame,enfp
NiickyWijaya,enfp
powerofyogesh,enfp
The_Soul_Matrix,enfp
ImmaterialGhost,enfp
_BlasianChef,enfp
jasontucker,enfp
PhilEchols,enfp
5rbasha,enfp
kasforpres2030,enfp
jejekayy,enfp
xdaisymm,enfp
justadamscott,enfp
kaitlinpls,enfp
AlexiatheRook,enfp
JaredDomino7,enfp
ShoutMyName_Now,enfp
femmehobi,enfp
yoruhiru,enfp
AmandaSims,enfp
DasLemonCakes,enfp
kikkybadass,enfp
JessicaVaugn,enfp
_Oswald_____,enfp
daydreamjamie,enfp
RainbowFoxyArt,enfp
imbue_enfp,enfp
Madneskes,enfp
Mohxli,enfp
DanaKamote,enfp
thaistagni,enfp
fairylxghts,enfp
kinzyn113,enfp
kerrijack,enfp
smithBelll,enfp
KingsofLeonidas,enfp
WhatsGoodToya,enfp
hallstigerts,enfp
marcusgriffins,enfp
mpristyw,enfp
JustCarl901,enfp
KelsiSickmann,enfp
Kazzywrites,enfp
rixpaddocks,enfp
ISS3J,enfp
chuvanze,enfp
rifkaaxcv,enfp
Toqa_Magdyy,enfp
_johnthomas3,enfp
echaoke,enfp
cabronamasfina,enfp
_fuckjake,enfp
ClaraBiznass,enfp
gracefulgravity,enfp
omfgerik,enfp
itsnarabb,enfp
SimplyRim,enfp
Iqiqball,enfp
CalebMPowers,enfp
JanetBoyer,enfp
shellahanneda,enfp
radicalkatical,enfp
KatieMcKiever,enfp
jazhasfreckles,enfp
showlivia,enfp
gabapple,enfp
HogwartsHomo,enfp
i_likesocks,enfp
kwill923,enfp
ayusucai,enfp
mysticnics,enfp
ricarettes,enfp
BayerShep,enfp
chrishawkins03,enfp
ichaner,enfp
sosarasaid,enfp
funkasarusrex,enfp
thiq_designer,enfp
caityrogo,enfp
oliviadare,enfp
vipxjason,enfp
AmyBeff,enfp
ToBrunoWitLove,enfp
GirlsNext_Dior,enfp
kathr33zy,enfp
mvoonchildtae,enfp
Double00Jun,enfp
StephanieFrasco,enfp
meganlaughing,enfp
neptunelink,enfp
jorgerouiz,enfp
DaemonsWriter,enfp
ScottMTownsend,enfp
Anticonformity,enfp
jerichoprince_,enfp
95tilfinity,enfp
SteffianiReisa,enfp
emerandthalia,enfp
rojomash,enfp
sheabooskyy,enfp
stef_stevens,enfp
SophiaVolk,enfp
stealerjoo,enfp
dattebaeyo,enfp
aalpha_K,enfp
yffar03,enfp
DadeOtter,enfp
roscoejenkins25,enfp
LucieePie_,enfp
persephonali,enfp
BenKimochi,enfp
SoCalGshep,enfp
tariastari,enfp
rirgrbg,enfp
Sameerpeace,enfp
DEfastLANE_Y,enfp
RyanArnoldRocks,enfp
petiteph,enfp
shtrsm,enfp
SayCrunch,enfp
infinitelywenny,enfp
bekauseican,enfp
vvbellur,enfp
dannysilvaart,enfp
ricklessabandon,enfp
honestlyemmajoy,enfp
erambriz,enfp
joshbecht,enfp
tikikate,enfp
InMDNAWeTrust,enfp
Babylon_Dreams,enfp
Faelor,enfp
PernilleKilde,enfp
Nikki_Roberti,enfp
jnquincy,enfp
EthanCasares,enfp
Miss_Lucifer,enfp
iiCamm,enfp
mxnstrxlogy,enfp
citypopfairy,enfp
diblekpentha,enfp
brvndilynn,enfp
splatoon_kame,enfp
i_zedd,enfp
MikeDoria,enfp
christmac28,enfp
HyIianHime,enfp
patricialazaro,enfp
Robertooo_94,enfp
tatiart,enfp
ParisPrimeau,enfp
damnationparty,enfp
TheChrissmas,enfp
jajangjaelani93,enfp
damian2649,enfp
helengregory,enfp
claudinerenee,enfp
MariaAbdelnour,enfp
poberss,enfp
Kat0leen,enfp
chaoticjacobw,enfp
MamaWaLJ,enfp
SavvySabz,enfp
danthelilmerman,enfp
maaryxh,enfp
Dont4Get2Tip,enfp
mollzballs6,enfp
itybtyctykty,enfp
jamielobato,enfp
BreakingChesky,enfp
wifipoacher,enfp
maymyheartstay,enfp
TheMrAlex,enfp
alysoncarp1,enfp
bigbagofhummus,enfp
Lighti85,enfp
JustinL_Art,enfp
jenhatzung,enfp
Combatw67073811,enfp
Mandii_Mac,enfp
SouthernDCist,enfp
TrotsandPrayers,enfp
dattebanyan,enfp
rNiubo,enfp
Ququroon,enfp
YSVitangcol,enfp
Lynjaaa,enfp
KyloKaren,enfp
TheSighFiGirl,enfp
ROOTCatZ,enfp
2manyjennifers,enfp
KelGiese,enfp
anENFP,enfp
brainleake,enfp
ShufCC,enfp
stephenmulligan,enfp
PenguinKaty,enfp
Taranittupp,enfp
JordanP_901,enfp
InsaneSelf,enfp
5TAR6OY,enfp
slytherin4sam,enfp
Raeatl,enfp
fablebee,enfp
NatalieJosh,enfp
citygirldc,enfp
SmartysCringe,enfp
JohnlockedNess,enfp
TMT_Lawyer,enfp
richpalmer,enfp
Inawmet,enfp
CharisDakota,enfp
cecilnick,enfp
supernovia,enfp
JulieRohrYEG,enfp
aoibhslattery,enfp
RiotPixie,enfp
ci7ylights,enfp
strongest_smile,enfp
aubreyfite_,enfp
miss_ditya,enfp
_Reaill,enfp
Brandie33_,enfp
briandarby,enfp
rendysapoe,enfp
IN_Falcon,enfp
troybernard,enfp
UpsideUp,enfp
Morningjon,enfp
HessaHumood,enfp
MzTemenah,enfp
MrsOzera,enfp
_milkluv,enfp
JayCropps,enfp
belovedswami,enfp
sirapnwaffles,enfp
daosukie,enfp
thekoihoi,enfp
Leesh_Capeesh,enfp
GEORG3M,enfp
danadelions,enfp
dawahaddict,enfp
hylndurrr,enfp
ohheylav,enfp
darylmerrill,enfp
peterkentie,enfp
JD_Bolt,enfp
lisito,enfp
cap_bartholomew,enfp
theJFord,enfp
HelenaHellie,enfp
moosh2,enfp
jenhill,enfp
justlizzin,enfp
BOBBYFISHA,enfp
TimTrueheart,enfp
danangelooo_,enfp
SeanAldenF,enfp
kellieeastwood,enfp
CZLHH,enfp
hartzell965,enfp
aejyul,enfp
thetomorrowroom,enfp
gitskai,enfp
Smith_C_Nick,enfp
crayonana,enfp
WubcakeVA,enfp
hamtaro6059,enfp
msannayoung,enfp
s_vinit,enfp
ExodusArias,enfp
telowery22,enfp
ritalikesthis,enfp
emajik,enfp
NinoModugno,enfp
ItsKatieKendall,enfp
NicoleinMadison,enfp
reika_fox,enfp
stenersonMN,enfp
ardith_laverne,enfp
KeithBacik,enfp
AlissaLiebler,enfp
ladybdashwood,enfp
kyle_thatisall,enfp
isit_al,enfp
vivamichaela,enfp
reganleighod,enfp
Griffopolis,enfp
annabellllect,enfp
JohnnyK,enfp
ClaraCoydog,enfp
AugustaWind11,enfp
gianaleo,enfp
tristanrichards,enfp
snowbellesummer,enfp
kateikab00m,enfp
lexieherrron,enfp
xx4nnieeexx,enfp
lydiadinga,enfp
_iamlivingcolor,enfp
creativelyb,enfp
katarina_pljc,enfp
erlenzi,enfp
snesyelpreview,enfp
ArwenAmanda,enfp
GigiBelmonico,enfp
CocoAndTheShow,enfp
KarlBauuu,enfp
KaseyBoes,enfp
karinawhite90,enfp
macweber,enfp
Morenabiasa,enfp
CherlynnLow,enfp
torithibs,enfp
katarinahyben,enfp
asmaa_shafik,enfp
sulemamarie,enfp
pandasayori,enfp
CanineHybrid,enfp
betasindiana,enfp
MinaPessina,enfp
FreeRangeHumans,enfp
tyckr,enfp
sbiren,enfp
kjnetic,enfp
kg94__,enfp
airybby,enfp
phoenicianrises,enfp
kalebcarter,enfp
GemBeynon,enfp
TheaAlberto,enfp
Ros_Limbo,enfp
sanmichele15,enfp
TylerHattori,enfp
utech,enfp
JamieButMom,enfp
ShawnBracelet,enfp
larkinbrooke,enfp
Biantika,enfp
Lindsey_Frenzy,enfp
erinavery13,enfp
Solis7253,enfp
versALIontheflr,enfp
GlennontheGC,enfp
ChaosCryptid,enfp
February6__,enfp
IanAbaya,enfp
TheSharkPilot,enfp
RicCastelhano,enfp
megangabie,enfp
KayJayFIN,enfp
hermesthenerd,enfp
krystalarrow,enfp
pabalabalan,enfp
dropthehat,enfp
TheAmberPicota,enfp
thekotacola,enfp
HelenaJ_M,enfp
DropMeOnMars,enfp
amlisterman,enfp
Glovinlife,enfp
dev_wetter,enfp
planetpooks,enfp
SymJammy,enfp
hipstahan,enfp
crunkplug,enfp
tjreadsthestars,enfp
muturaaa,enfp
katiemargaret5,enfp
psychos0ciaI,enfp
jdhtwo,enfp
icre8nrg,enfp
Vergilism,enfp
DR34MR,enfp
ohheyimdanii,enfp
KatiGM,enfp
JHaskellTweets,enfp
royaker,enfp
blkmilkandhoney,enfp
mikeforte,enfp
DivinelyRo,enfp
minervajayne,enfp
austinmcnair,enfp
AtomicCareBear,enfp
yasinspired,enfp
Anvkii,enfp
southrntacobell,enfp
Akimba,enfp
LightUpMaeDay,enfp
darthkaila,enfp
CristyTice,enfp
natxwang,enfp
MsSlyJones,enfp
reallyrealrach,enfp
Timlem,enfp
charbrum,enfp
Megan_Lally,enfp
SueAcito,enfp
quattlestrology,enfp
_J2,enfp
glau6474,enfp
byronsmakar,enfp
dwicahyatiarso,enfp
LettuceSayGrace,enfp
mking007,enfp
AutumnAdia,enfp
ClaudeCity,enfp
stacygoebel,enfp
samxhernandz,enfp
rylee_akuzz,enfp
realarvo,enfp
Kristin_Kepp,enfp
hollyfrew,enfp
MegAHakey,enfp
EmiliusDraws,enfp
thepurpleman,enfp
carahmhartley,enfp
KeiylasWords,enfp
GerwinWoelders,enfp
phoebecatlim,enfp
gui_lgzn,enfp
richardtill,enfp
EarperLovster,enfp
GrammarParty,enfp
AbFabLaur89,enfp
logifoxy,enfp
jessicadunyon,enfp
reveriex_x,enfp
filchiprince19,enfp
space_wolverine,enfp
JohnFiorello,enfp
Nickkprete,enfp
TheKinkyBBW,enfp
TiaKTA,enfp
lilbougieevert,enfp
Takkun__Chan,enfp
CosmicCandi,enfp
deleyn,enfp
LowlahB_,enfp
therachelbiggs,enfp
soymilkyyy,enfp
ArtzRachel,enfp
BethsNewLife,enfp
KelseyNic,enfp
KatMace11,enfp
CatFinnie,enfp
JanineCeline5,enfp
Aeriysu,enfp
Amanda_Stoel,enfp
alexandra_byers,enfp
RonDelaneyJr,enfp
ClaireRightHere,enfp
pr0mille,enfp
AllisonState,enfp
llizziedodds,enfp
lennyaduncan,enfp
AMorgan103,enfp
FlowerWritings,enfp
SoniaDoubleG,enfp
samdemuro,enfp
grayson_hester,enfp
doucette515,enfp
jessicawebbica,enfp
skeeterx7,enfp
afifdanbabi,enfp
Vira_Halim,enfp
CCRyburn,enfp
OeasOwn,enfp
SingleWriteMale,enfp
AshleyFroberg,enfp
KimDeYoung,enfp
KhaosComplex,enfp
jaycooke,enfp
roxy4pete,enfp
guyroyse,enfp
_lindseymcrae,enfp
SimonDGardner,enfp
caitlinjgallo,enfp
KelseyRoseth,enfp
LukeMurdoch,enfp
i_Basoom,enfp
arudd909,enfp
articella,enfp
jeanre,enfp
evansibok,enfp
DariaBurke,enfp
fleamotel,enfp
longcheng,enfp
alexandercav,enfp
TheVietVegan,enfp
TJBucholz,enfp
HattiLinnell,enfp
samajestay,enfp
lemoncokezero,enfp
MKDorDiggsy,enfp
chepriyanka,enfp
pennytheENFP,enfp
massimin,enfp
stewartdyoung,enfp
FerociousKatie,enfp
jordanputt95,enfp
laceypaige20,enfp
Benpops_,enfp
AndyBossardet,enfp
joyacamaisa,enfp
gpowah,enfp
VeryMaryGray,enfp
KaptainArr,enfp
ShannAwesome,enfp
rcollingsworth,enfp
Flesh_OdiumArt,enfp
bradbranham,enfp
reydisutandang,enfp
stephanieboy84,enfp
Valdrianth,enfp
KateXKennedy1,enfp
therealhalfway,enfp
elimcgowan,enfp
CapnGalaGuthrun,enfp
mareig3,enfp
imcabby,enfp
SurixPlays,enfp
tamlrs,enfp
julesnelson434,enfp
_SamanthaNelson,enfp
neverinside,enfp
kelly_reads,enfp
ken_mbuki,enfp
BostonBookBitty,enfp
purcelljf,enfp
Jihane_MD,enfp
Iolitadolly,enfp
wildbeauty,enfp
heartbreak_pie,enfp
tvincentusc,enfp
amandareno,enfp
MischiefCos,enfp
ENFPToficial,enfp
Jay_jay_Semple,enfp
VincentDPhilli,enfp
MissyKiley,enfp
seestephsay,enfp
GillesRenard,enfp
JustAverageJay,enfp
DS_Spud,enfp
tamarahaney,enfp
MeghaanLeBlanc,enfp
LtFOXAWESOME,enfp
ArtrageousLife,enfp
ULTRATH0T,enfp
CamManaraze,enfp
ChrisMejia,enfp
AnnieAkers,enfp
Keiradeer,enfp
ilanabelfer,enfp
siretona,enfp
Billoftheforest,enfp
helmynoor,enfp
Calling_Abraxas,enfp
Andyfry777,enfp
heyitsJaki,enfp
BretGriffin,enfp
cmcnamara1110,enfp
theresaetcetera,enfp
moonin8th,enfp
PastelGrandma,enfp
AlchemistApollo,enfp
dearjohn84,enfp
bobmattax,enfp
CristalClark,enfp
undees,enfp
dustin_painter_,enfp
vpikula,enfp
ra_walden,enfp
KitLaTigre,enfp
ahleea,enfp
njdavoli,enfp
laurakzegar,enfp
amandaapittman,enfp
KathleenKogan,enfp
SusieAtDell,enfp
MargaritaShefs,enfp
Maclean4Real,enfp
AndrewHarrisonZ,enfp
ENFP_Bot,enfp
DJDawsonNYC,enfp
MsKCabrera,enfp
julieeliasmusic,enfp
idrawsometimes,enfp
jillzzy,enfp
DrChrisDrPH,enfp
SherryMirshahi,enfp
simonejnews,enfp
alexandrsummit,enfp
rickeypkim,enfp
maegannotmegan_,enfp
ItsBlack_Friday,enfp
Yosshii_ENFP_T,enfp
One_Josh_McCoy,enfp
thatcassieprice,enfp
daniel_exposito,enfp
aaronwshanks,enfp
bgenso_,enfp
DekeArndt,enfp
elcoiki,enfp
LetsGoDanSingh,enfp
thelaurafaria,enfp
pouss,enfp
abby_denham,enfp
iccir,enfp
raesay2407,enfp
TapDatAasimar,enfp
baashkaapi,enfp
MikeCumbee_Poe,enfp
BroJacobBlues,enfp
iamAdamThomas,enfp
Sonitude,enfp
mandyjones,enfp
Vimi,enfp
amyjoyfox,enfp
randydixonxxx,enfp
Jeff_Loconeko,enfp
lauriemcnair,enfp
stephcrowder_,enfp
ARFlather,enfp
JeffKeay,enfp
gregory_zitelli,enfp
stevegee78,enfp
shunyarose,enfp
PCM_PR,enfp
TheLauraLu,enfp
rOAVy6HI3uH8Yhy,enfp
rhonda,enfp
md_k_khan,enfp
brucehaupt,enfp
venariesastro,enfp
LifeofanENFP,enfp
theminastarks,enfp
gelobuencamino,enfp
KRonzio,enfp
swordwriting,enfp
DarkovikaBooks,enfp
WrenWestWriter,enfp
pymms_,enfp
SpaceAndyG,enfp
ENFP_Stardust,enfp
carlycdebaca,enfp
jptsetme,enfp
MarcGoldmanNYC,enfp
abigaiIwoodcock,enfp
jaydixit,enfp
ivorytea,enfp
MoreyB,enfp
eleanorndunn,enfp
ProfKhader,enfp
tsavos,enfp
lizmuee,enfp
sharlamittone,enfp
jholowka,enfp
rosecorpsmusic,enfp
charizzaard,enfp
matthewhelmke,enfp
SolomonRising,enfp
Ren_Astraea,enfp
robertb66,enfp
LeoRian72,enfp
gogetsara,enfp
LisaBralts,enfp
taylorbell,enfp
katarinabett,enfp
KlynchR,enfp
HywieBach,enfp
EthanCalloway7,enfp
forenfp,enfp
PramathSinha,enfp
RocketCorn,enfp
DonnaHoffCull,enfp
erin_byers,enfp
ashiyan,enfp
achrispace,enfp
8Lemniscate,enfp
ENFPAF,enfp
LiviaOldland,enfp
NateCollins,enfp
andrewhigashi,enfp
DrewPurves,enfp
octavia_soleil,enfp
MediocreElf,enfp
MRoboski,enfp
Bitter_Twit,enfp
VeronicaSaron,enfp
cleoclementinex,enfp
Bingoddess_,enfp
RunMC,enfp
hmwilsonauthor,enfp
georgia_author,enfp
PblctyNghtmr,enfp
leohoeee,enfp
enfp_type,enfp
WilliamHAdams,enfp
ErinUritus,enfp
ShivanArt,enfp
JustEnfpThings,enfp
mollyduerig,enfp
jdproctor80,enfp
emc22hhi,enfp
malloinkk,enfp
iLemmon,enfp
SOJP_DCO,enfp
TheSylverAce,enfp
jaethisway,enfp
JuliaEBrock,enfp
spikebrehm,enfp
EllenStonaker,enfp
ENFPInsight,enfp
vinitagera,enfp
zaientertainer,enfp
shanjanderson,enfp
gt_potato,enfp
3potates,enfp
alexadark,enfp
januar_indr,enfp
SarahEHankins,enfp
anniebombanie_,enfp
kylieray_ray,enfp
SaltWater_Mama,enfp
vickshaworth,enfp
stackedreviews,enfp
MannyTZ,enfp
Deadinside2020,enfp
SamanthaHarland,enfp
ausoliviacox,enfp
Sydney_Brunson,enfp
nasirg80,enfp
MarketkaG,enfp
WilmariClaasen,enfp
kimkozak,enfp
EstherAAyorinde,enfp
Enfpthatsme,enfp
JasminAdous,enfp
ENFP_Life,enfp
ASouthStrokeDoc,enfp
debontherocks,enfp
SceneScribe,enfp
classmaker,enfp
JaredKutz,enfp
slaneritchie,enfp
PolishTamales,enfp
CHRowand,enfp
BrittniiSundae,enfp
JanuarBlacks,enfp
rohan10,enfp
BloodyFoxie,enfp
AVibrantAura,enfp
xndresko,enfp
SLudwigRausch,enfp
akshat_rajan,enfp
jamesdoezie,enfp
itsAbsolem,enfp
enfps_,enfp
Emily_Karl,enfp
phiunguyen,enfp
EnfpAmI,enfp
enfp_mbti,enfp
bohopat,enfp
TarekWaked,enfp
afdilnugroho,enfp
Dr_ENFP,enfp
sharoryy,enfp
HRAK___S2,enfp
jmccartie,enfp
Legend_of_Vega,enfp
_ladyshalirin,enfp
owo_Ann,enfp
MelMadisonMuse,enfp
EntirelyENFP,enfp
enfpdiaries,enfp
EagleEye1906,isfp
Eddrickation,isfp
zaw_t,isfp
sicarionox,isfp
alexoturner,isfp
WantSaayasSocks,isfp
Animaynia,isfp
chellysaidwhat,isfp
DargorMajere,isfp
MizDelay,isfp
taecypher,isfp
_arrows1,isfp
squishette,isfp
notfspurejam,isfp
MoikeGo,isfp
Karnelopy,isfp
no_izi,isfp
Dan_Boogy,isfp
deathsrattle,isfp
serendipita__,isfp
chanyeolsxx,isfp
Sintact,isfp
marikunin,isfp
Ryoof_tm,isfp
i8_9s,isfp
CallMePrime_,isfp
MeganeAya,isfp
ABOHA6,isfp
rere123_1,isfp
Unawhut,isfp
_jno0on_,isfp
kazujerk,isfp
AizatSays,isfp
litzabronwyn,isfp
ForRevolution,isfp
jenkmiller75,isfp
Doody4Nia,isfp
Menna_Medhat,isfp
earlito876,isfp
CJCreator,isfp
mattsevits,isfp
annemaxime,isfp
Amdey,isfp
AS37x_,isfp
ReedyG3,isfp
Renardhivatar,isfp
shooq_alsharqi,isfp
jonydaynazar,isfp
rutheew,isfp
battlinkat,isfp
angelicaadiel,isfp
peachyone2,isfp
deankvvon,isfp
isfp_b,isfp
HarpoonCannon,isfp
im_demy,isfp
holylamax,isfp
ReadingChick,isfp
stevendingsucks,isfp
coralfanatic,isfp
shineymind,isfp
AndyJMacc,isfp
annaeagler,isfp
AuntieNique,isfp
Amnaa___,isfp
ISFPlatypus,isfp
sawryyyy,isfp
ashleylangleyy,isfp
jessmkarts,isfp
cant_think_str8,isfp
42takunai,isfp
DragonReisen,isfp
emolizardqueen,isfp
CarlyLorencen,isfp
TkCoyote,isfp
choucchi,isfp
laurie_biagini,isfp
eggstone,isfp
msjasdesiree,isfp
rxbluesea,isfp
HannahJo826,isfp
nat_mh,isfp
Chenxiuwen,isfp
ToucanKazaam,isfp
Awoosha,isfp
MelTBal,isfp
Adaoz_Artz,isfp
FatoomRe,isfp
michelledeaven,isfp
Subject_B,isfp
NotKahgo,isfp
aaamaradipta,isfp
MyuhTweets,isfp
GentlemanJon,isfp
heyqueenregina,isfp
DhammaGirl,isfp
kathilbano,isfp
luckymosqueda,isfp
sunny__0718,isfp
simadaii,isfp
Rosy_opondo,isfp
jessveegee,isfp
Mike3kp2,isfp
garrettkuk,isfp
annisandew,isfp
ameliachen,isfp
pdpmicss,isfp
kevin_drosario,isfp
harukazaka46,isfp
gray_hardy,isfp
lilikoilj,isfp
spacecadet394,isfp
erinbeary,isfp
sarahlovespsych,isfp
s61ui,isfp
peter_myoung,isfp
LidyaNuraini48,isfp
halaetademis_,isfp
NaW_90,isfp
PotechiPon,isfp
Rigid_Lifelines,isfp
Meikurey,isfp
SaifBinSaeed,isfp
beyoutifulfaith,isfp
AvgJoeReads,isfp
bnov25,isfp
kombuucha,isfp
sa_pccos,isfp
KristinaNadia,isfp
NickofTime925,isfp
WayOfTheTempest,isfp
kamj45,isfp
LauraMBaum,isfp
nayght_tsuki,isfp
haiiawan,isfp
xfaridahelmix,isfp
deer_rainier,isfp
miuttou,isfp
offjllaly,isfp
LemonsOnSticks,isfp
ruthbleakley,isfp
benoit_goubert,isfp
peterhyatt,isfp
vD7w_,isfp
xshex6,isfp
tigerknight,isfp
InTokoWeTrust,isfp
T_Cot,isfp
Alby_Cdmn,isfp
HaleyJoyHarris,isfp
AsriWirajati,isfp
mamilou_harom,isfp
65jjy,isfp
kelliej,isfp
l_isfp,isfp
maIuweiss,isfp
eilonwylovegood,isfp
l5lSl,isfp
baekla_4,isfp
isfpedia,isfp
a_alali_11,isfp
jeanyprl,isfp
KobaltHusky,isfp
poucet7,isfp
leahabraham9,isfp
kimhyungkyu,isfp
sarah_sak3,isfp
i_maram9090,isfp
momo211112,isfp
luvaty,isfp
AK_Ritchie,isfp
zoster,isfp
WesternesseLady,isfp
IsfpHaley,isfp
its_Shenanigan,isfp
writingbrave,isfp
Isfp_,isfp
isfp_princess,isfp
RDfromVa,isfp
OAsayaO,isfp
Itzwejen,isfp
Lmss6,isfp
SunnyMarmalade_,isfp
cuteone235,isfp
kyukes,isfp
isfp_fox,isfp
goldbohwa,isfp
xkirariii,isfp
a_isfp,isfp
rnswrs,isfp
IndubitablyISFP,isfp
suntails,isfp
vulexol,isfp
world_isfp,isfp
snak_1522,isfp
JeuneseP,isfp
_IamISFP_,isfp
jeunziwoo,isfp
Shuwaa_Kimagure,isfp
VictorHArellano,isfp
ashley__janea,isfp
_AiBiam,infp
paoacflores,infp
PenguPooh,infp
sukaihan,infp
nemuiryuu,infp
TheFredaLee,infp
Nettaaaaaaaa,infp
t00_Far,infp
kid_slasher,infp
BarackOMamba,infp
gtjio,infp
brokenwing2005,infp
Keltounet,infp
digimishkas,infp
amandagabr1elle,infp
leredza,infp
Strangeland_Elf,infp
sluttyseagull,infp
jki82,infp
leenie909,infp
mircifer,infp
__Sadi__,infp
ZephyrRz,infp
ItsCee_xo,infp
Osephala,infp
Daina_91880,infp
jinetflix,infp
AngieElliott30,infp
tearvnclw,infp
rahbeeuh,infp
sorryjzargo,infp
Garrsett,infp
nilesdennard,infp
TheNewYorkDoll,infp
neverlandvicki,infp
oh__honey__,infp
iamAlyloony,infp
midoritakamine,infp
raoufarif,infp
chris4nature,infp
pab0sarang,infp
Didi_AW_,infp
johnmyersart,infp
sushi4ever_,infp
racunberapi,infp
kudiak,infp
ladyriven,infp
ajhmac98,infp
sususuyos,infp
cha_dhira,infp
ritaresarian,infp
thetidebreaks,infp
TheRaikume,infp
AKindOfRainyDay,infp
MuchCwtchly,infp
Scorpioest,infp
RubbinTummy,infp
rjtremor,infp
RmrcMY,infp
mikkipedia,infp
tisheriffic,infp
miamifasol,infp
cirrysx,infp
sasha_feather,infp
KristofurFox,infp
odetovalerie,infp
ErynithMawen,infp
B_Keps,infp
wearpy,infp
donghaeyah,infp
jerees,infp
pandabatai,infp
zaynsbravery,infp
nrokiki,infp
poetrynmadness,infp
flyinvisible,infp
cuteteakitty,infp
pantieschan,infp
dokyeem,infp
HuskyBro_Inc,infp
Foxtrot44,infp
Kittywink,infp
Other_Girl,infp
xsunsetbeauty,infp
soRobynNico,infp
LunaLovebomb,infp
LiberalsAreCool,infp
DurgeshG7,infp
Jannine_twt,infp
gonewiththeword,infp
janebracher,infp
h_quant,infp
lbreton,infp
SechanKV,infp
SatoshicKaleida,infp
NosajRellim,infp
Safe_Haven0419,infp
Eltalite,infp
earthumbrella,infp
burnbrights,infp
biblio_phile,infp
yanneekbrinson_,infp
Jus_de_fruit,infp
onejiggynigga,infp
kirstnicolexo,infp
LucknawiRooh,infp
v23474,infp
HugsfromSA,infp
sepuuut,infp
undyingodinsons,infp
foreverunfelled,infp
DrewWinchester,infp
ScorpTaurCapSag,infp
amynluv,infp
DIY28,infp
miyazawa_lulu,infp
VanessaRNMH,infp
RekkaAlexiel,infp
berlee60,infp
shsalmahh29,infp
inkdin,infp
wincheswift,infp
aliceyinyang,infp
I_NoiceLati,infp
__forceofnature,infp
louis0nfire,infp
owlyrapunzel,infp
makeshiftjen,infp
GuacaMochni,infp
TheWordN3rd,infp
theBook0fEli_,infp
TRICIA_FIIERCE,infp
tempusfrangit,infp
inahreads,infp
anotherschwab,infp
SilverFaeryhawk,infp
DanielXplode,infp
theveganwitch13,infp
bellatrix134340,infp
Pooks82Official,infp
ElizabethJhnson,infp
ScruffyBunnyNL,infp
kelly_renee1,infp
AnnaDreams_Art,infp
thebrittneyw,infp
stickpoet,infp
dwmdn,infp
mellodie_bh31,infp
kimluvmy,infp
kosherjellyfish,infp
aryllins,infp
LauraKatharineX,infp
clashville,infp
wapolzOfficial,infp
itslindyc,infp
AlyonaSchatzman,infp
thoughtinkling2,infp
Himmapaan,infp
titilayoxxiii,infp
CatelinCeleste,infp
Roxushi,infp
Uhmanduh,infp
willmadrazo,infp
subha26,infp
AmizingSailorAJ,infp
hahahafsa,infp
joshhrayy,infp
ohh_livi_yuhh,infp
ImChillLikeThat,infp
Hussain_gg,infp
delia_a,infp
blovesastro,infp
_niaow,infp
brucethegirl,infp
MirenxOTM,infp
BiancaLoran,infp
jiminstreble,infp
MahleSoul,infp
wicked_jr89,infp
bexcapades,infp
sbsestra,infp
thankyou2NE1,infp
tangledtori,infp
ArmoniaLise,infp
yoongsvibe,infp
Purrsnikitty07,infp
CalmJTM,infp
thearlynist,infp
danibrstl,infp
FabuPonah,infp
luisah92,infp
shaunaparmesan,infp
shelbylcole,infp
MattSloanWrites,infp
pinkygirl06,infp
octoberxswimmer,infp
amdmw,infp
MatthewBoulden,infp
AoLun8,infp
HSPWriter,infp
yesnxdine,infp
pokemonklara,infp
shelbs2032,infp
LoveOnTheInside,infp
thronesrings,infp
F__n2012,infp
0Becki,infp
TheWhyOfBri,infp
TylerChadwick,infp
RiahhCarrie,infp
rtim385,infp
Angelo_Mikha,infp
coffeeeplus,infp
TakaYamashita,infp
ponderingTheDay,infp
hakakamiiii,infp
Frimlin,infp
ssujungie,infp
IndecisiveJones,infp
Cyan_Rose,infp
DramakinsTv,infp
CelestialCollie,infp
rock_sister,infp
Chocoberrrry,infp
AdalTheWolf,infp
iamboomy_,infp
alexpl20me,infp
warryo72,infp
elle_wells,infp
poulertweets,infp
TheSuperScot,infp
BatwoMANDA,infp
yourmonamie,infp
ashinthecut,infp
MazzleRazz,infp
enthusmiasma,infp
aaron_taylor19,infp
RJMarmol,infp
JohnWake,infp
mythgtsnly,infp
scretladyspider,infp
ElusiveStory,infp
hiraethxx,infp
hajbilly,infp
fairlyliterary,infp
cassavey,infp
Stegniy,infp
tylraven,infp
taraashaston,infp
Downtown_Dkown,infp
kyahri,infp
sweetvegan7,infp
JaviiMontalvo,infp
dpn,infp
Meoowadore,infp
FlLTHYSUSHl,infp
bookstacksamber,infp
dall625,infp
SimplyWisty,infp
doclizz,infp
iAimSushi,infp
robobrobo,infp
toxicpopsicle,infp
jaxlocbar,infp
ThePeachMartini,infp
alienraynedrop,infp
MexHistorian,infp
cywoh,infp
Qonciousness,infp
nirei_20,infp
juliecornewell,infp
ReaperGrim2012,infp
Smithereens,infp
Mlle_Nebuleuse,infp
capriendeer,infp
HookerHao,infp
RealTilfsworld,infp
taejinnie_7,infp
1katefan,infp
bratbIush,infp
megayeen,infp
howlinglibrary,infp
ScottyUrb,infp
TifMarcelo,infp
artthetrash,infp
8ightea,infp
bnice21,infp
MorganBlainexo,infp
Tixounet_,infp
thenovelorange,infp
MinaMarkham,infp
TheSqueee,infp
shamike2009,infp
WtfSiiren,infp
topeetootat,infp
jiminfantino,infp
mchaelschaffer,infp
athkat,infp
etherealgalaxia,infp
blue439,infp
HeShootCocaC0la,infp
PsychoRenny,infp
azina,infp
nadyael,infp
bye_bi_bexy,infp
LunarSirenSoul,infp
Mynta,infp
kmw329,infp
sunshine1883,infp
mmiichyy,infp
jscherfi,infp
Gandoora32,infp
tothemax19,infp
MajoWrites,infp
AfirePages,infp
gypsyheart999,infp
sativaballerina,infp
rilaisseth,infp
paigelowary,infp
Hoey1,infp
CrypttidCuddler,infp
elisewjn,infp
ChristinaAmelia,infp
yenceesanjeev,infp
ejdawsonauthor,infp
TexasHomme,infp
geekpinata,infp
Ferretom,infp
healingnloved,infp
erinmcgoff,infp
Jucquarify09,infp
PeterOrwaJnr,infp
ElodieParthenay,infp
widhidana,infp
Thrandiana,infp
ThogDev,infp
version3point1,infp
Fauwxx,infp
rhiannonmearas,infp
6d6f,infp
lexieatthehush,infp
MerleNau,infp
SouOrtizArt,infp
marie_cooper,infp
kinda_swifty,infp
CyberPathogens,infp
jodimckee,infp
lisanovelline,infp
ireadss,infp
M33KOR,infp
Brookelorren,infp
MarkLaymon,infp
imderin,infp
sarwarah,infp
erunaeri,infp
hkawrites,infp
BaeSooRa,infp
BullyBirdy,infp
kodekaldwin,infp
oddlittleduck,infp
valivixia,infp
hylianviolinist,infp
TheAnnarf,infp
Isyzerinami,infp
Li_Li_D,infp
CandyCasem,infp
stuffluver12,infp
gjna_xo,infp
hey_zack_,infp
eckabeck,infp
lyndsayj,infp
_evetty,infp
Marlaynard,infp
nonagresa,infp
ruswooton,infp
watersteph,infp
mohdmairobaa,infp
DestinyRaeSmith,infp
JuliaBrookhart,infp
chelseabeth11,infp
iamidiosyncratc,infp
danmaize,infp
queen_of_gore,infp
CapnDedEyes,infp
exghoulfriend,infp
MarisaAyu,infp
cuppaclo,infp
carlythegnarly,infp
paintmevegan,infp
thadman,infp
gmacek,infp
M_Rose_Media,infp
justinrigdon,infp
prvserpine,infp
keijikids,infp
NeonRoberto,infp
kirschplunder_,infp
eringoblog,infp
gingko_trees,infp
SheaBallard,infp
slightlylit,infp
passionmeester,infp
IamCodySilfies,infp
OhHeyKristaHere,infp
rapino24,infp
karlsanada13,infp
RobertsonChrisM,infp
liniwillwrite,infp
anitafildz,infp
jacylenore,infp
yabakuboi,infp
sonrisacolor,infp
MollyNotEcstasy,infp
abigailmbraun,infp
lukebrawner,infp
tracypoching,infp
dokirosi,infp
Stephen_Riegel,infp
TheRebeccaPrjct,infp
bybooma,infp
teendana,infp
venusdevotee2,infp
MelCarterWrites,infp
Catbunny,infp
byzcathwife,infp
HanfordGround0,infp
Weirdprsn,infp
almackay,infp
melindagallo,infp
theshadowlooms,infp
BooksPajamas,infp
Mindy646,infp
lewistalks,infp
INFP_Luna,infp
ryanjpemberton,infp
Kirby_Brown,infp
thebluejaysong,infp
jjvdangelo,infp
MagpieMelon,infp
vlaqq_,infp
denverish,infp
btsentence,infp
geekfox,infp
bezzzw,infp
bilanabidong,infp
AndrewSpearin,infp
mamafoxen,infp
C_BuckNERD,infp
queertechgirl,infp
ZackMoody,infp
KevinReinholz,infp
imjardi,infp
sl_choi,infp
whymermaids,infp
RosDando,infp
Kelsciferr,infp
yazkyhagal,infp
RatherGeeky,infp
Clement_Ygg,infp
susanthe34th,infp
Dectbat,infp
thekryptikrose,infp
glamonthehill,infp
cocoadelica,infp
claireakeet,infp
puhala,infp
laurenpittenger,infp
sarahcbruno,infp
empressarcana,infp
Lassai_,infp
IPXakachi,infp
idristrailer,infp
ameliasarahh,infp
DarlyJamison,infp
devilcandi,infp
lilgingerb,infp
allieoldfield,infp
INFP_Thoughts,infp
dognamedblue,infp
frakbeats,infp
juliabarnickle,infp
sylnae,infp
YetAnotherINFP,infp
A_CMiles,infp
megzalzala,infp
capriciouscappy,infp
THOM_PIR,infp
DoveyASMR,infp
writerlevirose,infp
NovembergrlFoto,infp
andrrrres33,infp
jerryfakdawer,infp
carolkroll72,infp
meisanmui,infp
amandabrodett,infp
WitchiArts,infp
AshleyBaBashly,infp
mikebrowne,infp
michaeljacob87,infp
margawart,infp
sarahlongthorne,infp
stephohanley,infp
JUSTN4Z,infp
arielerazow,infp
raychellej,infp
CaramelBurangi,infp
mozurella,infp
infp_coach,infp
anomadheart,infp
designingdonna,infp
LkGoodFeelGood,infp
JJ_Shippen,infp
AshYoungblood16,infp
hspang97,infp
eiresicilia,infp
KatiePlace,infp
KristiTredway,infp
theRJlife,infp
reelirishdancer,infp
itssocole,infp
no12impress13,infp
thejaxmcqueen,infp
perowian,infp
MichaelaChung1,infp
latintaesnegra,infp
CarmelCarrillo,infp
nickicmoon,infp
cigdemkobu,infp
ONaRhian,infp
jennascifres,infp
BPDbabe99,infp
sarahwhitmire,infp
_Amazzy,infp
Lively_Linguist,infp
wemeetlikethis,infp
DawnCansfield,infp
cupofdragons,infp
jaywalkings,infp
infpprince,infp
beckinoles,infp
whereismylogin,infp
THEaquino,infp
LilaMcP,infp
LiviBot,infp
LilBitsPieces,infp
druid628,infp
garemooh,infp
jessaminegaul,infp
EffortlessFury,infp
txnysheart,infp
SuperGrenouille,infp
AngelaRyan,infp
channfree,infp
minathefangirl,infp
missyHaroona,infp
hiraahmedsheikh,infp
SilenceNFreedom,infp
MikeTrozzo,infp
joannaslisz,infp
MatthewFace,infp
MalloryMayhew,infp
StardustPrism,infp
mshaikh81,infp
tarakeet,infp
KioShepherd,infp
seamickaz,infp
Ruastin,infp
kaelaprall,infp
Chenginerd,infp
iv_xx_honey,infp
AngryNar,infp
mattamat1cs,infp
teflorator,infp
Rethinkblogger,infp
aquamarinee9,infp
ericaftx,infp
BartholomewOPL,infp
RyanResolute92,infp
hopewrdls,infp
LaraByoga,infp
da_burke,infp
KETomash,infp
amandaleemiller,infp
itsdreexie,infp
Lipthesp,infp
The_WindWolf,infp
loveartjustice,infp
CCWillJackson,infp
SydneyDeStella,infp
toujours_katie,infp
sincerelysarahx,infp
CBenStevenson,infp
mzbritney12,infp
JohnPeterMunro,infp
shahidobserves,infp
Custat,infp
hvymetalunicorn,infp
INFPPrincess,infp
krmallari,infp
AlissaLindemann,infp
jonilee73,infp
alliewithbooks,infp
thebookforums,infp
moriirinn,infp
daniel_lynskey,infp
LeanneWallker,infp
chelsiiie,infp
bellalunawitch_,infp
JordanMarisa11,infp
CupOfTegan,infp
AmorAngelica_,infp
kristinmharvey,infp
mental___block,infp
trickyfinn,infp
infp_vvn,infp
FiiLuu,infp
AutumnAurelia,infp
SarahKamWrites,infp
DonniNoel,infp
kendravaughan,infp
babygirl__bowen,infp
starri_h,infp
JamieGehin,infp
_rioforce,infp
jweissman3,infp
Khelevaster_,infp
ricciaintrich,infp
Gavin_Graves,infp
Naduah82,infp
FabulousAngel,infp
seancanlas,infp
sunandcoffeebns,infp
escalusia,infp
blastclouds,infp
cinderzena,infp
aimeeamaris,infp
SelfCareCallie,infp
Haibunation,infp
magnusramage,infp
DoxieLover_27,infp
BumbleOrchid,infp
claudiatoman,infp
jtankoharmeyer,infp
jonahkreiser,infp
linjackson,infp
MegNev,infp
LGBTAVERYS,infp
elysiagriffin,infp
Luisammn,infp
_krisschan,infp
VidemusArt,infp
mejeffb,infp
LydiaBluebell,infp
QueenOfKeto,infp
KristenLizetteB,infp
ssstrology,infp
rahoku,infp
brukaoru,infp
BananaFruitChew,infp
captaintotes,infp
infp_things,infp
ThatAmy,infp
Fikuwu,infp
MandaPantsReads,infp
RhetoricAndThis,infp
Hyperfocused,infp
ArrowsAndApples,infp
crystalhardted,infp
tkkhan_author,infp
Leelu_In_Lazuli,infp
NagiArt,infp
Luci_Alessio,infp
DLadyInBlack09,infp
wonderandgrey,infp
aishwariya,infp
Rudim_,infp
MeredithResnick,infp
NancyPower,infp
mudhud,infp
BSinLeo,infp
epicuniverse,infp
thomasgeoghegan,infp
JuneMDriedger,infp
quitecapricious,infp
KatelynKosinski,infp
MissFolorunsho,infp
mahmudrcc,infp
lindseyjoscott,infp
KiScyne,infp
i_am_hendery,infp
JaieDore,infp
Stace_Campbell3,infp
ms_ill_pix,infp
fightgarden,infp
gzstudio,infp
xPhonatix,infp
skulls_circuits,infp
PapaBearAZ,infp
fluxuspoem,infp
tclarkeharrison,infp
GIWIFI,infp
AshesBooksnBobs,infp
HepcatHannah,infp
tonylopesdata,infp
prinzcake,infp
buttholeavocado,infp
BookwrmBonomini,infp
claudehohl,infp
rizka_rar,infp
AniAulbach,infp
AthenaHoeppner,infp
diego_infp,infp
MissyLSterling,infp
starijam,infp
sestasik,infp
Gentillylace,infp
kathrynferrara,infp
chibimili,infp
muchanis,infp
Infp_thoughtss,infp
laurenpbarber,infp
softboygirl,infp
RileyNovaHarper,infp
martinjdugard,infp
JCostelloWrites,infp
dandyamandy,infp
artncolor,infp
brennacariker,infp
unpopular_infp,infp
MAHAvocado,infp
thelunarjungle,infp
sophannetaylor,infp
AudHenley,infp
madeyemoody,infp
Florbetriz,infp
LuchiaHoughton,infp
nikkiwpowell,infp
kittycalsx,infp
amandalinehan,infp
ChristinaBooksA,infp
faithlobe,infp
magisternihil,infp
DPazdan,infp
scaryaquari,infp
jfritty,infp
StephenBassman,infp
jalenthompso,infp
NebulaASMR,infp
lisama23,infp
pastel_pages,infp
inliquidcolor,infp
IsanneArcher,infp
KaylaLMallett,infp
KateMathos,infp
chynedietz,infp
kerryforward,infp
TheStephCruz,infp
_ionzi_,infp
INFPInTears,infp
Andiznit,infp
anuheakp,infp
aurorareywrites,infp
sleepingsuburb,infp
DadWidowed,infp
apastelwitch,infp
jinny8675309,infp
Ania_the_INFP,infp
LinElizabeth89,infp
PeppermintDream,infp
MaggieMoros,infp
mypoewriting,infp
zutobg,infp
INFP__T,infp
Augustus709,infp
justanamcara,infp
urbanmenno,infp
MonicaSatue,infp
InsatiateHope,infp
halosketches,infp
heatherdcarver,infp
coley_ln,infp
_ashaujla,infp
ladyvoh,infp
rlly_strange,infp
FarahKhalique,infp
jamielynnlano,infp
Sandykuroneko,infp
kimfairley1,infp
HayleyMReads,infp
presentmiko,infp
_beidak_,infp
CragmiteCreator,infp
peachpii,infp
amanda_gann,infp
bambina_inc,infp
geminemesis,infp
Nem_Graphics,infp
bumblebpink,infp
piiiiisces,infp
jaqsattack,infp
mentalrhapsody,infp
clarissalangham,infp
FUpodcast1,infp
_AnanyaChandra,infp
unrulyjoolie,infp
sn1p0,infp
revlauraklein,infp
iamCeliece,infp
MarcotteStudios,infp
Papa_Juuni,infp
ranee25,infp
MaaiaART,infp
makaylareads,infp
gravityfying,infp
alyanah22,infp
katestrology,infp
madesmi,infp
UmaINFP,infp
venustrine,infp
winter_of_her,infp
RadioFreeINFP,infp
maethornwrites,infp
StevenS_CG,infp
Caro_Zalt,infp
Leah_Davenport1,infp
Maelllstrom,infp
MayhemMaddie,infp
Stiksma,infp
PashaWestbrook,infp
hellobillups,infp
Tabithasmiley,infp
avocadopeeled,infp
Steffie_Writes,infp
RandomProgress1,infp
chong2087,infp
INFPprobs,infp
gill_writes,infp
Tricia_writing,infp
CharleneApril4,infp
pisces_witchhh,infp
amberclare,infp
amberiswriting,infp
aquammv,infp
RichettiCarissa,infp
stealth_ginger,infp
Leslie654,infp
EternDreamINFP,infp
CarrieRockChick,infp
bcdpoet,infp
CharliSkinner,infp
ole_julia,infp
ElizabeeHinkler,infp
XBananaPlE,infp
Daisydeeliciou1,infp
venusianwitch,infp
peroty,infp
infp13,infp
avicral,infp
crossandcannib1,infp
earthybitch,infp
lilianna99_,infp
EjWunderbar,infp
BPDUnicorn,infp
alexis_clear,infp
_julieannedrake,infp
Baustinwrites,infp
byfelicianicole,infp
INFP_Diaries,infp
EmilahThicke,infp
mmralphcreates,infp
mikeyahn,infp
AquaDomAss,infp
INFP_Story,infp
KyleINFP,infp
she_said_anne,infp
AlexShobe,infp
ufficiosulretro,infp
ArekNet,infp
takowx,infp
nadiarausa,infp
abbyelisewrites,infp
bibliophileApu,infp
PatriceLefebvr5,infp
infpmorena,infp
VenusVeronica,infp
Thelochnesscum1,infp
tbfess,infp
AnnaKrolikowski,infp
TreyWHenry,infp
infpdarkside,infp
jennykitten78,infp
GabeGonzoArt,infp
annelinnwrites,infp
smmergrape,infp
vasily28630440,infp
vallmosse,infp
MckoyMarie,infp
natalie_catalie,infp
INFPproblems,infp
briasoboojie,enfp
_92Infinity,enfp
Hulex,enfp
RoyDaRappah,enfp
AstroMouda,enfp
theperfproduct,enfp
BeaFierce,enfp
healykook,enfp
elizagolightly4,enfp
readywriting,enfp
canicuIa,enfp
ElectionBabe,enfp
TheShoujoPrince,enfp
BellaSlaysu,enfp
beanbagboy,enfp
mehmet_wahid,enfp
JennytheM,enfp
_fleurdepeach,enfp
drizzydrewsxo,enfp
BUCKDlCH4MlCH,enfp
Tara_Hewitt,enfp
MadDapr,enfp
Salfh6weelh,enfp
Shqkkk,enfp
vanitastrawberi,enfp
corydtweets,enfp
writer_heathen,enfp
devoncarrots,enfp
beerquena,enfp
YoFrenchBREad,enfp
Bank_Rolle,enfp
HappilyNappyMe,enfp
ianikopu,enfp
xPsychoHood,enfp
DeeMagicGurl,enfp
RedDeath91,enfp
Da2partan,enfp
TheNeonFox,enfp
Wafanic,enfp
StephenBright,enfp
sterlingwolfe,enfp
DeussExxMachina,enfp
missaj90,enfp
Sarapyon1228,enfp
BambiThePhoenix,enfp
Lena,enfp
wapimaskwa69,enfp
sherrierohde,enfp
calvincamps,enfp
iBolt07,enfp
fukurodani,enfp
SuperJanGames,enfp
MattLaCasse,enfp
iolaagnesia,enfp
getJiggywith_It,enfp
Isisss_,enfp
conspiracylife,enfp
peruvianpiranha,enfp
Shennyorita,enfp
sleepydicks,enfp
Jennieebabie,enfp
jasgleam,enfp
GlitterBey,enfp
tweetmayatweet,enfp
Ms_Art_House,enfp
iva_tanackovic,enfp
MmeGuillotine,enfp
NickKellet,enfp
SelenaShines,enfp
sevanahdelrey,enfp
data4all,enfp
jamesderryl,enfp
Mr_Lamont6,enfp
_jezebel_,enfp
recycledyouth_,enfp
dukebaby401,enfp
Mawandinho,enfp
katiestiers,enfp
kevinforch,enfp
wereallstories,enfp
lightyoruichi,enfp
evienoryarevalo,enfp
astolsieg,enfp
MMarilacr,enfp
TaylorInChief,enfp
jewelofcana,enfp
omgkristian,enfp
iBakasura,enfp
oiiChyo,enfp
naesanya,enfp
tiabearden,enfp
maestro_tee,enfp
Kikastrophe,enfp
MrMorrisIfUNsty,enfp
krystalgemmusic,enfp
nicsvc,enfp
MayaTheDragon,enfp
Indisaurus,enfp
TimothyPhamous,enfp
MsChristelleGo,enfp
jomwlever,enfp